Generated by, Jo DFSP3
Opening balance for 01 Jun 2026 to 05 Jun 2026,"PHP 117,844,256.90"
Closing balance for 01 Jun 2026 to 05 Jun 2026,"PHP 120,891,727.90"

"Transaction ID","Transaction Type","Date & Time","Debit Account Name","Debit Account Number","Credit Account Name","Credit Account Number","Transaction Amount","Service Fee Amount","Total Amount","Status"
"txn_58d0a920b65c43c0876ba26be4920c79","Cash Deposit","2026/06/05 17:08:53","N/A","N/A","Niki Zefanya","=""7710487972758371""","1,000.00","0.00","1,000.00","Success"
"txn_fe9954257d8a40f5ac4b5b43b27f039d","Cash Deposit","2026/06/05 17:08:38","N/A","N/A","Niki Zefanya","=""7710487972758371""","1,000.00","0.00","1,000.00","Success"
"txn_34c2e7ec7a794087b84fcb15930656c8","Cash Deposit","2026/06/05 17:08:25","N/A","N/A","Niki Zefanya","=""7710487972758371""","1,000.00","0.00","1,000.00","Success"
"txn_971aedb075314e3ebf717bfdf5fdf9f8","External Transfer","2026/06/05 16:34:28","Sophia Sandoval","=""7710390880799897""","Random Name","=""101400001643""","-100.00","15.00","-115.00","Failed"
"txn_b295ae20bf524cfdb92f2d24a30c30f4","Cash Withdrawal","2026/06/05 16:26:19","Peach Villados","=""7710394943067321""","N/A","N/A","-10.00","0.00","-10.00","Success"
"txn_9514ea5eda484fdfaf4a9d3324ff6f7c","Cash Withdrawal","2026/06/05 16:26:04","Peach Villados","=""7710394943067321""","N/A","N/A","-10.00","0.00","-10.00","Success"
"txn_55504153150b4a8dbb269bcba71cfdde","Cash Withdrawal","2026/06/05 16:25:50","Peach Villados","=""7710394943067321""","N/A","N/A","-10.00","0.00","-10.00","Success"
"txn_36f57d2bedec490b8e5f860790a2a94e","External Transfer","2026/06/05 09:33:15","Sophia Sandoval","=""7710390880799897""","Random Name","=""101400001643""","-100.00","15.00","-115.00","Failed"
"txn_21dac4a9d1664100a7300a6e8d4dee28","Interest Crediting","2026/06/05 08:31:13","N/A","N/A","Test User","=""7710308514018914""","0.62","0.00","0.62","Success"
"txn_bdb1f5386c9f498bbe803988c19eb04e","Interest Crediting","2026/06/05 08:31:13","N/A","N/A","Peach Villados","=""7710385433861857""","6.90","0.00","6.90","Success"
"txn_f83e0bf56e8944ed972bb05041f12122","Interest Crediting","2026/06/05 08:31:13","N/A","N/A","Peach Villados","=""7710350685177151""","6.90","0.00","6.90","Success"
"txn_e2565e827f9d48aea26f3b368c741390","Interest Crediting","2026/06/05 08:31:13","N/A","N/A","Mary Angel Reyes","=""7710331247893871""","0.01","0.00","0.01","Success"
"txn_10c8d4e19d1d4277809c70338488c63c","Interest Crediting","2026/06/05 08:31:13","N/A","N/A","Orange Lemons","=""7710393975733815""","0.01","0.00","0.01","Success"
"txn_503e62109fff4cddb1acceb8d992a652","Interest Crediting","2026/06/05 08:31:13","N/A","N/A","Orange Lemons","=""7710395917891848""","137.87","0.00","137.87","Success"
"txn_ce7dcb08cb18467b905d9a9b5d3402ab","Interest Crediting","2026/06/05 08:31:13","N/A","N/A","Apple Bananas","=""7710382243974146""","6.89","0.00","6.89","Success"
"txn_ef61a65ee1094fcc9bdfec52d77c8f39","Interest Crediting","2026/06/05 08:31:13","N/A","N/A","Mary Angel Reyes","=""7710335188659984""","137.97","0.00","137.97","Success"
"txn_3aeefc7cb93c4db487d28c6539cb36c5","Interest Crediting","2026/06/05 08:31:12","N/A","N/A","Apple Bananas","=""7710393572247793""","2.75","0.00","2.75","Success"
"txn_5265bdda0960419faffc06cd04146de5","Interest Crediting","2026/06/05 08:31:12","N/A","N/A","Mary Angel Reyes","=""7710306360954741""","2.75","0.00","2.75","Success"
"txn_02786fd984594542a63f910b68ee7234","Interest Crediting","2026/06/05 08:31:12","N/A","N/A","Luis Ramos","=""7710389798198652""","6.51","0.00","6.51","Success"
"txn_306b0dae623546299ad13d7efe6f3a9f","Interest Crediting","2026/06/05 08:31:12","N/A","N/A","Apple Bananas","=""7710387162121550""","6.89","0.00","6.89","Success"
"txn_6e831a58e3d4485c9b913dc93163e84c","Interest Crediting","2026/06/05 08:31:12","N/A","N/A","Peach Villados","=""7710392835677385""","8.00","0.00","8.00","Success"
"txn_efb35a1c37ee4b2080a90ba969efd95c","External Transfer","2026/06/05 07:56:44","Sophia Sandoval","=""7710390880799897""","Random Name","=""101400001643""","-100.00","15.00","-115.00","Failed"
"txn_0504930f95fb4a1ba42555d350113ad9","Cash Withdrawal","2026/06/05 05:44:27","Jello Mangune","=""7710338140519887""","N/A","N/A","-200.00","0.00","-200.00","Success"
"txn_894eecb8eafe427a8aa3a63faba8a072","Internal Transfer","2026/06/05 05:41:41","Jello Monthly","=""7710361652315404""","Jello Mangune","=""7710338140519887""","100.00","0.00","100.00","Success"
"txn_0d9270ea4b684d3c82764b49e1a6f30c","Internal Transfer","2026/06/05 05:34:47","Jello Monthly","=""7710361652315404""","Jello Mangune","=""7710338140519887""","100.00","0.00","100.00","Success"
"txn_db87789ed24b4c49be6483aae2d83e55","Internal Transfer","2026/06/05 05:30:30","Jello Monthly","=""7710361652315404""","Jello Mangune","=""7710338140519887""","100.00","0.00","100.00","Success"
"txn_b283a98ed3c14eef992d16bf29055bd5","Internal Transfer","2026/06/05 05:16:42","Jello Mangune","=""7710338140519887""","Jello Mangune","=""7710389484042432""","100.00","0.00","100.00","Success"
"txn_de73bb1485d94764ac26d68ccc6fc28c","External Transfer","2026/06/04 15:36:59","Camille Reyes Mendoza","=""7710332470539251""","John China","=""101400001643""","-50.00","15.00","-65.00","Failed"
"txn_d6479a123ea646b0887f12bb13b14ed5","External Transfer","2026/06/04 15:36:19","Camille Reyes Mendoza","=""7710332470539251""","Abucay","=""7710501333354703""","-500.00","15.00","-515.00","Failed"
"txn_85f2493ef8ac42ac8b060965ab533291","External Transfer","2026/06/04 15:35:53","Camille Reyes Mendoza","=""7710332470539251""","John Bdo","=""013450161525""","-150.00","15.00","-165.00","Failed"
"txn_8f3986068fe84ce1be8ccc2c42227212","External Transfer","2026/06/04 15:32:59","Sophia Sandoval","=""7710390880799897""","Random Name","=""101400001643""","-100.00","15.00","-115.00","Failed"
"txn_b428e4321c5742acb5ce4f415828f8d1","External Transfer","2026/06/04 15:06:12","Sophia Sandoval","=""7710390880799897""","Random Name","=""101400001643""","-100.00","15.00","-115.00","Failed"
"txn_d50dcc1ecd0e448a85eaa5934a665c49","External Transfer","2026/06/04 15:05:03","Sophia Sandoval","=""7710390880799897""","Random Name","=""101400001643""","-100.00","15.00","-115.00","Failed"
"txn_481d041f8c404f57876764e17211417e","External Transfer","2026/06/04 15:01:32","Sophia Sandoval","=""7710390880799897""","Random Name","=""0007101000011""","-100.00","15.00","-115.00","Failed"
"txn_55dd2164f9984a69ac6fc5b92fcb9b24","Loan Disbursement","2026/06/04 12:14:36","Luis Ramos","=""7710317884019764""","N/A","N/A","15,000.00","0.00","15,000.00","Success"
"txn_79227e02ddda4996982b59d74d313040","Interest Crediting","2026/06/04 08:31:17","N/A","N/A","Peach Villados","=""7710385433861857""","6.90","0.00","6.90","Success"
"txn_44df60138b6949df822f7864419a7b65","Interest Crediting","2026/06/04 08:31:17","N/A","N/A","Peach Villados","=""7710350685177151""","6.90","0.00","6.90","Success"
"txn_3fdbdf2bfba24f3dab14fc475a752642","Interest Crediting","2026/06/04 08:31:17","N/A","N/A","Mary Angel Reyes","=""7710331247893871""","0.01","0.00","0.01","Success"
"txn_6d285085549c43d185716b19694d2a34","Interest Crediting","2026/06/04 08:31:17","N/A","N/A","Orange Lemons","=""7710393975733815""","0.01","0.00","0.01","Success"
"txn_e709e84de2b84284b034aa9b11574319","Interest Crediting","2026/06/04 08:31:17","N/A","N/A","Orange Lemons","=""7710395917891848""","137.85","0.00","137.85","Success"
"txn_e4f0959da59e45c09ff01f46c32790a8","Interest Crediting","2026/06/04 08:31:17","N/A","N/A","Apple Bananas","=""7710382243974146""","6.89","0.00","6.89","Success"
"txn_08ece82e55de4c7bbd3c629ec743c4d5","Interest Crediting","2026/06/04 08:31:17","N/A","N/A","Mary Angel Reyes","=""7710335188659984""","137.95","0.00","137.95","Success"
"txn_b0634d419b5b4c11aa971dba6dc0120b","Interest Crediting","2026/06/04 08:31:17","N/A","N/A","Apple Bananas","=""7710393572247793""","2.75","0.00","2.75","Success"
"txn_590000dc5bb2447595ba18472ae84929","Interest Crediting","2026/06/04 08:31:16","N/A","N/A","Mary Angel Reyes","=""7710306360954741""","2.75","0.00","2.75","Success"
"txn_e30491ea276945aa8f912330136a3d02","Interest Crediting","2026/06/04 08:31:16","N/A","N/A","Luis Ramos","=""7710389798198652""","6.51","0.00","6.51","Success"
"txn_0c72f68c8d604b70a8ed438fa33ca468","Interest Crediting","2026/06/04 08:31:16","N/A","N/A","Apple Bananas","=""7710387162121550""","6.89","0.00","6.89","Success"
"txn_31f2cb43bb8141a89a184108b879a732","Interest Crediting","2026/06/04 08:31:16","N/A","N/A","Test User","=""7710308514018914""","0.62","0.00","0.62","Success"
"txn_6c48e20ab2ae4c3bb32346645215e9f9","Interest Crediting","2026/06/04 08:31:16","N/A","N/A","Peach Villados","=""7710392835677385""","8.00","0.00","8.00","Success"
"txn_f9ec315ee3f24482a04f784933288441","Interest Crediting","2026/06/04 00:00:07","N/A","N/A","Daniel Rodriguez","=""7710358260899930""","0.14","0.00","0.14","Success"
"txn_03bc7cc92a66427eb9d70e2e4c4ecebf","Interest Crediting","2026/06/04 00:00:07","N/A","N/A","Peach Villados","=""7710391407197019""","6.90","0.00","6.90","Success"
"txn_749d54923bb54564b501cd986e6d4564","Interest Crediting","2026/06/04 00:00:06","N/A","N/A","Peach Villados","=""7710350685177151""","6.90","0.00","6.90","Success"
"txn_2371aa54307f4a578aaa44e2dca44732","Interest Crediting","2026/06/04 00:00:06","N/A","N/A","Mary Angel Reyes","=""7710331247893871""","0.01","0.00","0.01","Success"
"txn_2876259306814136a8f1a796976993d8","Interest Crediting","2026/06/04 00:00:06","N/A","N/A","Orange Lemons","=""7710393975733815""","0.01","0.00","0.01","Success"
"txn_1aef301c0ab44493beb4e7576b596eeb","Interest Crediting","2026/06/04 00:00:05","N/A","N/A","Orange Lemons","=""7710395917891848""","137.83","0.00","137.83","Success"
"txn_60d91bf84b9f4d9abae6177a9fc6ef89","Interest Crediting","2026/06/04 00:00:05","N/A","N/A","Apple Bananas","=""7710382243974146""","6.89","0.00","6.89","Success"
"txn_6d38b4e102304a9db9bac0686782eeb8","Interest Crediting","2026/06/04 00:00:05","N/A","N/A","Mary Angel Reyes","=""7710335188659984""","137.93","0.00","137.93","Success"
"txn_e7d45036eb09486fa5cfdff3f13c600e","Interest Crediting","2026/06/04 00:00:04","N/A","N/A","Apple Bananas","=""7710393572247793""","2.75","0.00","2.75","Success"
"txn_77aeb10b29a64c6b9edde69419363a36","Interest Crediting","2026/06/04 00:00:04","N/A","N/A","Mary Angel Reyes","=""7710306360954741""","2.75","0.00","2.75","Success"
"txn_f20ac6c0214b42d29163779c7c571953","Interest Crediting","2026/06/04 00:00:04","N/A","N/A","Luis Ramos","=""7710389798198652""","6.51","0.00","6.51","Success"
"txn_1597e8eb9d2140e293e65b94ce8f46fe","Interest Crediting","2026/06/04 00:00:03","N/A","N/A","Apple Bananas","=""7710387162121550""","6.89","0.00","6.89","Success"
"txn_39918a7d773846dea76062b026be0266","Interest Crediting","2026/06/04 00:00:03","N/A","N/A","Test User","=""7710308514018914""","0.62","0.00","0.62","Success"
"txn_3d2dec691b6247b094df4398de17ae8a","Interest Crediting","2026/06/04 00:00:02","N/A","N/A","Peach Villados","=""7710385433861857""","6.90","0.00","6.90","Success"
"txn_42585eff85e247918ce2115565204bdc","Interest Crediting","2026/06/04 00:00:01","N/A","N/A","Peach Villados","=""7710392835677385""","8.00","0.00","8.00","Success"
"txn_04cbb3c9c05f426eacbf04ea64508cc5","Cash Deposit","2026/06/03 15:55:15","N/A","N/A","Jven Gzon","=""7710340601892837""","5,000.00","0.00","5,000.00","Success"
"txn_9c6865b7f7464b549eb212f89bf6d5f4","Cash Deposit","2026/06/03 15:50:37","N/A","N/A","Jvn Olvr Gzn","=""7710350501850322""","5,000.00","0.00","5,000.00","Success"
"txn_c376ed7a29e14da4b5745db54a08e14a","Cash Deposit","2026/06/03 15:48:23","N/A","N/A","Michell Dee","=""7710374277057375""","5,000.00","0.00","5,000.00","Success"
"txn_e4eb4008dcd44b408f083915b910c518","Cash Deposit","2026/06/03 15:26:03","N/A","N/A","Kylie Verzosa","=""7710399576978018""","5,000.00","0.00","5,000.00","Success"
"txn_54c0da7fe4a7456d8779a6575c98b2d0","Cash Deposit","2026/06/03 15:02:48","N/A","N/A","Rabiya Mateo","=""7710357058675938""","5,000.00","0.00","5,000.00","Success"
"txn_91f63173599c4400be8928b743a19a3a","Cash Deposit","2026/06/03 14:32:20","N/A","N/A","Miles Edgeworth","=""7710324461180793""","5,000.00","0.00","5,000.00","Success"
"txn_353bc8ab38aa4ec09fd323ae13e79021","Cash Deposit","2026/06/03 14:26:45","N/A","N/A","Phoenix Wright","=""7710392346132759""","5,000.00","0.00","5,000.00","Success"
"txn_33d0633e6628420fab2751001dcba402","Internal Transfer","2026/06/03 13:40:22","Daniel James Rodriguez","=""7710354145667341""","Daniel Rodriguez","=""7710358260899930""","2,000.00","0.00","2,000.00","Success"
"txn_564a9ffbb6a9453c82445fa53c236bf0","Cash Deposit","2026/06/03 12:13:54","N/A","N/A","Piolo Pascual","=""7710391791793716""","5,000.00","0.00","5,000.00","Success"
"txn_63377affea014dab91e3558a1f6ed194","Loan Payment","2026/06/03 09:47:39","Jayven Oliveria Gozon","=""7710390879253003""","Jayven Oliveria Gozon","=""7710316757481291""","529.52","0.00","529.52","Success"
"txn_87b6879790b2433193fb480411b1a165","Loan Disbursement","2026/06/03 09:46:11","Jayven Oliveria Gozon","=""7710316757481291""","Jayven Oliveria Gozon","=""7710390879253003""","12,333.00","0.00","12,333.00","Success"
"txn_c870a05d06e44fd5b0d87933a4fc0832","Internal Transfer","2026/06/03 09:43:14","Jayven Oliveria Gozon","=""7710390879253003""","Jayven Oliveria Gozon","=""7710387210888761""","1.00","0.00","1.00","Success"
"txn_e26031833fff49029ac530ca55a6d4da","Cash Deposit","2026/06/03 09:33:29","N/A","N/A","Jayven Oliveria Gozon","=""7710390879253003""","5,000.00","0.00","5,000.00","Success"
"txn_9cce30313400446cab4f4ab83bba0329","Cash Deposit","2026/06/03 09:17:21","N/A","N/A","Shigeo Kageyama","=""7710352532319611""","5,000.00","0.00","5,000.00","Success"
"txn_7bd70b8776fa4ff9b2549968f9a81c4d","Interest Crediting","2026/06/03 00:00:08","N/A","N/A","Peach Villados","=""7710350685177151""","6.90","0.00","6.90","Success"
"txn_3fd9507f0ad7498e90d171a57014667f","Interest Crediting","2026/06/03 00:00:08","N/A","N/A","Mary Angel Reyes","=""7710331247893871""","0.01","0.00","0.01","Success"
"txn_bccb168bd11f47b2a22dd06eb2ef0f3c","Interest Crediting","2026/06/03 00:00:08","N/A","N/A","Orange Lemons","=""7710393975733815""","0.01","0.00","0.01","Success"
"txn_9da26637133243179c2d582182a53776","Interest Crediting","2026/06/03 00:00:08","N/A","N/A","Orange Lemons","=""7710395917891848""","137.81","0.00","137.81","Success"
"txn_2a09ffa5a2b54a48b0eec5656a91af9a","Interest Crediting","2026/06/03 00:00:07","N/A","N/A","Apple Bananas","=""7710382243974146""","6.89","0.00","6.89","Success"
"txn_e60bc99f2fdc47fea12454442ac20a3f","Interest Crediting","2026/06/03 00:00:07","N/A","N/A","Mary Angel Reyes","=""7710335188659984""","137.91","0.00","137.91","Success"
"txn_10f79ee365c344eb993d8703030cc95c","Interest Crediting","2026/06/03 00:00:07","N/A","N/A","Apple Bananas","=""7710393572247793""","2.75","0.00","2.75","Success"
"txn_95cb61d30aa44d1bbe74a2fa861e7c74","Interest Crediting","2026/06/03 00:00:06","N/A","N/A","Mary Angel Reyes","=""7710306360954741""","2.75","0.00","2.75","Success"
"txn_21e5d8765785459885692c73fb1191a7","Interest Crediting","2026/06/03 00:00:06","N/A","N/A","Luis Ramos","=""7710389798198652""","6.51","0.00","6.51","Success"
"txn_db2dbedc74a540c88ab6646dcf90cf93","Interest Crediting","2026/06/03 00:00:06","N/A","N/A","Apple Bananas","=""7710387162121550""","6.89","0.00","6.89","Success"
"txn_04f8c957fdf447b38af0d42b983b682f","Interest Crediting","2026/06/03 00:00:05","N/A","N/A","Test User","=""7710308514018914""","0.61","0.00","0.61","Success"
"txn_4d998b5968be4d95bbeb184bf11e85da","Interest Crediting","2026/06/03 00:00:05","N/A","N/A","Peach Villados","=""7710385433861857""","6.90","0.00","6.90","Success"
"txn_a0323fff3b8e458eb53c4448a7aa6ffb","Interest Crediting","2026/06/03 00:00:04","N/A","N/A","Peach Villados","=""7710391407197019""","6.90","0.00","6.90","Success"
"txn_b6a8117bc06a447d801930f0c9bf47d1","Interest Crediting","2026/06/03 00:00:03","N/A","N/A","Peach Villados","=""7710392835677385""","8.00","0.00","8.00","Success"
"txn_685168ee0427455fb4f524d0ac8d89b6","Loan Payment","2026/06/02 19:30:20","Josh Janra","=""7710328553021640""","Josh Janra","=""7710339917225291""","220.94","0.00","220.94","Success"
"txn_3fd72a88e96e48e8b5ed3aa08da63d74","Loan Disbursement","2026/06/02 19:29:09","Josh Janra","=""7710339917225291""","Josh Janra","=""7710328553021640""","10,000.00","0.00","10,000.00","Success"
"txn_5076ef5a68e24163b4572f866fbad397","Internal Transfer","2026/06/02 19:13:28","Josh Janra","=""7710328553021640""","Joy Test Tedt","=""7710304060935104""","100.00","0.00","100.00","Success"
"txn_46b1b555d49e407580512ad234c5fcdd","Cash Deposit","2026/06/02 17:47:21","N/A","N/A","Niki Zefanya","=""7710487972758371""","1,000,000.00","0.00","1,000,000.00","Success"
"txn_306744433c884c609d2ca4109b24ceec","Cash Deposit","2026/06/02 17:47:04","N/A","N/A","Niki Zefanya","=""7710487972758371""","500,001.00","0.00","500,001.00","Success"
"txn_24ebb3d6f3f341b69110eb17a93991c7","Cash Deposit","2026/06/02 17:46:47","N/A","N/A","Niki Zefanya","=""7710487972758371""","500,000.00","0.00","500,000.00","Success"
"txn_e52f7419c2084f90a807b4995d6c17f2","Cash Withdrawal","2026/06/02 17:43:43","Chai Villados","=""7710455410784261""","N/A","N/A","-30,000.00","0.00","-30,000.00","Success"
"txn_8c71f0e9799e49328a3ddf231c7d66dc","Cash Withdrawal","2026/06/02 17:43:24","Chai Villados","=""7710455410784261""","N/A","N/A","-20,000.00","0.00","-20,000.00","Success"
"txn_0716d3137e864d57868f7011eb0ff1e2","Cash Deposit","2026/06/02 16:38:01","N/A","N/A","Jan Dave","=""7710316264292361""","5,000.00","0.00","5,000.00","Success"
"txn_77c9fdc6f8964bc5b99a6a3246e7e5e1","Cash Deposit","2026/06/02 16:31:21","N/A","N/A","Josh Janra","=""7710328553021640""","5,000.00","0.00","5,000.00","Success"
"txn_2cbc106379c446b998ae898458d6e70c","Cash Deposit","2026/06/02 15:31:25","N/A","N/A","John Deep","=""7710389407637850""","500,000.00","0.00","500,000.00","Success"
"txn_ca0c42771f434a7ba3f211a4b1eea1e1","Internal Transfer","2026/06/02 15:30:59","Camille Reyes Mendoza","=""7710332470539251""","John Deep","=""7710389407637850""","50,000.00","0.00","50,000.00","Success"
"txn_9b378df3120047e098062bef4d61a217","Loan Disbursement","2026/06/02 15:29:02","John Deep","=""7710334356548620""","N/A","N/A","20,000.00","0.00","20,000.00","Success"
"txn_40373c210c494d4ca4c0b393dec2a791","Cash Deposit","2026/06/02 15:26:42","N/A","N/A","John Deep","=""7710389407637850""","500,000.00","0.00","500,000.00","Success"
"txn_ce9e89ccfa0b452e973ace91a80f8adf","Cash Deposit","2026/06/02 14:39:12","N/A","N/A","Jayven Oliveria Gozon","=""7710363934444718""","5,000.00","0.00","5,000.00","Success"
"txn_3463bbfa6b1b47be9a0a1862fed4a3dd","External Transfer","2026/06/02 14:32:57","Sophia Sandoval","=""7710390880799897""","Random Name","=""101400001643""","-100.00","15.00","-115.00","Success"
"txn_39423f27eb4a4d6a887568390d9e3694","Cash Deposit","2026/06/02 14:31:28","N/A","N/A","Jayven Oliveria Gozon","=""7710387210888761""","5,000.00","0.00","5,000.00","Success"
"txn_02899e7b17c845f1a524c09c5a5aed1c","External Transfer","2026/06/02 14:22:29","Sophia Sandoval","=""7710390880799897""","Random Name","=""101400001643""","-100.00","15.00","-115.00","Success"
"txn_0f7b563ef87d4e569f88e0a33434fb22","Cash Deposit","2026/06/02 14:16:55","N/A","N/A","Jayven Oliveria Gozon","=""7710350054990775""","5,000.00","0.00","5,000.00","Success"
"txn_145a1b8b935843718efb52c0f1416917","External Transfer","2026/06/02 14:05:47","Camille Reyes Mendoza","=""7710332470539251""","Abucay","=""7710501333354703""","-100.00","15.00","-115.00","Failed"
"txn_ab2857b48bee404294bfc61886a1c6d7","Loan Disbursement","2026/06/02 13:48:30","Jayven Oliveria Gozon","=""7710385216924832""","Jayven Oliveria Gozon","=""7710348747935065""","54,543.00","0.00","54,543.00","Success"
"txn_4594f2b87a4240c4972ed061267644fd","External Transfer","2026/06/02 13:47:16","Sophia Sandoval","=""7710390880799897""","Random Name","=""101400001643""","-100.00","15.00","-115.00","Failed"
"txn_c244db92bea0445c8ecdb50cfc455607","Loan Payment","2026/06/02 13:23:56","Jeeny Did","=""7710379193991472""","Jeeny Did","=""7710340539853040""","233.28","0.00","233.28","Success"
"txn_061cdffc3b3e4439a993b59539725826","Loan Payment","2026/06/02 13:21:11","Jeeny Did","=""7710379193991472""","Jeeny Did","=""7710340539853040""","233.62","0.00","233.62","Success"
"txn_750899af88e54554a430e1e4df3f928e","Loan Disbursement","2026/06/02 13:18:53","Jeeny Did","=""7710340539853040""","N/A","N/A","10,000.00","0.00","10,000.00","Success"
"txn_78beb9bfb751400d954c0985867342bc","Loan Payment","2026/06/02 11:52:22","Joy Amban","=""7710350637354572""","Joy Javier Amban","=""7710363230425994""","2,259.36","0.00","2,259.36","Success"
"txn_c209dac4971e406aa87128dae56a633a","Loan Payment","2026/06/02 11:51:59","Joy Amban","=""7710350637354572""","Joy Javier Amban","=""7710363230425994""","2,263.06","0.00","2,263.06","Success"
"txn_d1c6267cb69d459e86c657deb73308ae","Cash Deposit","2026/06/02 10:27:49","N/A","N/A","Jayven Oliveria Gozon","=""7710348747935065""","5,000.00","0.00","5,000.00","Success"
"txn_d83f25311b6e4840bf0268fe61ad98e7","Cash Deposit","2026/06/02 10:00:14","N/A","N/A","Jeeny Did","=""7710379193991472""","5,000.00","0.00","5,000.00","Success"
"txn_289728b3096e487b94b9695c28b5546e","Cash Deposit","2026/06/02 09:19:56","N/A","N/A","John Deep","=""7710389407637850""","5,000.00","0.00","5,000.00","Success"
"txn_3c1da227d4fd4e92b4922f278a3a63ca","Interest Crediting","2026/06/02 00:00:10","N/A","N/A","Luis Ramos","=""7710389798198652""","6.51","0.00","6.51","Success"
"txn_f74343c0f62340389280fc680f59c823","Interest Crediting","2026/06/02 00:00:10","N/A","N/A","Apple Bananas","=""7710387162121550""","6.89","0.00","6.89","Success"
"txn_010a289e8cba4987aad0f6e9df2e430f","Interest Crediting","2026/06/02 00:00:10","N/A","N/A","Test User","=""7710308514018914""","0.61","0.00","0.61","Success"
"txn_6d322c16217540bca3db91bafd71aa9d","Interest Crediting","2026/06/02 00:00:10","N/A","N/A","Peach Villados","=""7710385433861857""","6.89","0.00","6.89","Success"
"txn_cd658e4019d646b086a0700e4a540f64","Interest Crediting","2026/06/02 00:00:09","N/A","N/A","Peach Villados","=""7710391407197019""","6.89","0.00","6.89","Success"
"txn_353dd7b3b0a74d09aac82a443442c1c1","Interest Crediting","2026/06/02 00:00:09","N/A","N/A","Peach Villados","=""7710350685177151""","6.89","0.00","6.89","Success"
"txn_6cac159bc96d40d989fe8d45e9df1f02","Interest Crediting","2026/06/02 00:00:09","N/A","N/A","Joy Amban","=""7710350637354572""","0.31","0.00","0.31","Success"
"txn_d67682c82f7b4cfc9d4664e1f5fdd548","Interest Crediting","2026/06/02 00:00:09","N/A","N/A","Mary Angel Reyes","=""7710331247893871""","0.01","0.00","0.01","Success"
"txn_c44ae8d1d9bc47b39f8023e2f2d40672","Interest Crediting","2026/06/02 00:00:08","N/A","N/A","Orange Lemons","=""7710393975733815""","0.01","0.00","0.01","Success"
"txn_518c8d2d15de49148eaa7c5cddaf05a0","Interest Crediting","2026/06/02 00:00:08","N/A","N/A","Orange Lemons","=""7710395917891848""","137.80","0.00","137.80","Success"
"txn_288eaa80c67e492ca99f8b688d942831","Interest Crediting","2026/06/02 00:00:08","N/A","N/A","Apple Bananas","=""7710382243974146""","6.89","0.00","6.89","Success"
"txn_bbae146303d24b0dadf29ae5e3a68437","Interest Crediting","2026/06/02 00:00:07","N/A","N/A","Mary Angel Reyes","=""7710335188659984""","137.89","0.00","137.89","Success"
"txn_51b5e33339454c28a6bcb7f892728895","Interest Crediting","2026/06/02 00:00:07","N/A","N/A","Jello Mangune","=""7710338140519887""","83.75","0.00","83.75","Success"
"txn_a329875abc3f40fa9ac381a09ea9b5f2","Interest Crediting","2026/06/02 00:00:06","N/A","N/A","Apple Bananas","=""7710393572247793""","2.75","0.00","2.75","Success"
"txn_76f5d15b13524de6aa40c714ed693309","Interest Crediting","2026/06/02 00:00:06","N/A","N/A","Mary Angel Reyes","=""7710306360954741""","2.75","0.00","2.75","Success"
"txn_45004247849f4032b288f0889ecea974","Interest Crediting","2026/06/02 00:00:06","N/A","N/A","Jace Amban","=""7710374227778367""","8.38","0.00","8.38","Success"
"txn_e25cb219cb134969a9b626654b93192c","Interest Crediting","2026/06/02 00:00:05","N/A","N/A","Jace Amban","=""7710373294475998""","453.60","0.00","453.60","Success"
"txn_2ea066e594464ecb8d44912a099a3f73","Interest Crediting","2026/06/02 00:00:05","N/A","N/A","Michael Go","=""7710367664698191""","21,094.84","0.00","21,094.84","Success"
"txn_d55b5e00a8be45e89087b240b6d3c37e","Interest Crediting","2026/06/02 00:00:04","N/A","N/A","Michael Go","=""7710334205503943""","8.44","0.00","8.44","Success"
"txn_13d44251feb5424ba708d4958fe4ea19","Interest Crediting","2026/06/02 00:00:04","N/A","N/A","Peach Villados","=""7710392835677385""","8.00","0.00","8.00","Success"
"txn_7847009594e74038a17bec428a45b743","Interest Crediting","2026/06/02 00:00:04","N/A","N/A","Jello Monthly","=""7710361652315404""","50.78","0.00","50.78","Success"
"txn_2cc04e7daa454741aeb42e7f7d6ac10f","Interest Crediting","2026/06/02 00:00:03","N/A","N/A","Camille Mendoza","=""7710355978109178""","418,149.38","0.00","418,149.38","Success"
"txn_6ffb241d2b444ea5b1783201ee22fa4d","Interest Crediting","2026/06/02 00:00:02","N/A","N/A","Albert Camus","=""7710326295264547""","31.50","0.00","31.50","Success"
"txn_398eed067cc84c56891dc911f95cbc76","Cash Deposit","2026/06/01 16:25:19","N/A","N/A","Continental Op","=""7710336038792596""","5,000.00","0.00","5,000.00","Success"
"txn_41f6bd3b73184c5a96b0a5597ec93b91","External Transfer","2026/06/01 12:22:18","Sophia Sandoval","=""7710390880799897""","Random Name","=""101400001643""","-100.00","15.00","-115.00","Success"
"txn_287ab46a301848178e66cde7fd097b5a","Interest Crediting","2026/06/01 00:00:11","N/A","N/A","Peach Villados","=""7710385433861857""","6.89","0.00","6.89","Success"
"txn_2c8775e113e346d6aeb65cdbab0ba711","Interest Crediting","2026/06/01 00:00:11","N/A","N/A","Peach Villados","=""7710391407197019""","6.89","0.00","6.89","Success"
"txn_b7f1e4bc50cf4c849aba33bcaff3fc1f","Interest Crediting","2026/06/01 00:00:11","N/A","N/A","Peach Villados","=""7710350685177151""","6.89","0.00","6.89","Success"
"txn_9e22615646bd4041b68c6a01d6c64737","Interest Crediting","2026/06/01 00:00:11","N/A","N/A","Joy Amban","=""7710350637354572""","0.31","0.00","0.31","Success"
"txn_e8e46ba93c7549f29ee6b39e22df2352","Interest Crediting","2026/06/01 00:00:10","N/A","N/A","Mary Angel Reyes","=""7710331247893871""","0.01","0.00","0.01","Success"
"txn_c2fb226dd85d41b698dec115b886fede","Interest Crediting","2026/06/01 00:00:10","N/A","N/A","Orange Lemons","=""7710393975733815""","0.01","0.00","0.01","Success"
"txn_84982f7f087d4e07a15ba20e4fd2e996","Interest Crediting","2026/06/01 00:00:10","N/A","N/A","Orange Lemons","=""7710395917891848""","137.78","0.00","137.78","Success"
"txn_3c173f17eb4741bf84f16d4912c4ff1b","Interest Crediting","2026/06/01 00:00:09","N/A","N/A","Apple Bananas","=""7710382243974146""","6.89","0.00","6.89","Success"
"txn_f672ff251daa462da3f47d3f5fb8d790","Interest Crediting","2026/06/01 00:00:09","N/A","N/A","Mary Angel Reyes","=""7710335188659984""","137.87","0.00","137.87","Success"
"txn_f6a0f8131ad5434491a2c4636d5c1489","Interest Crediting","2026/06/01 00:00:09","N/A","N/A","Jello Mangune","=""7710338140519887""","83.61","0.00","83.61","Success"
"txn_616e743269724622a8444664aea6b37a","Interest Crediting","2026/06/01 00:00:08","N/A","N/A","Apple Bananas","=""7710393572247793""","2.75","0.00","2.75","Success"
"txn_34a11a77e0fa4467ae7d8a42f8f7dab7","Interest Crediting","2026/06/01 00:00:08","N/A","N/A","Mary Angel Reyes","=""7710306360954741""","2.75","0.00","2.75","Success"
"txn_b1433170e20143cb9dbc3307af9b4361","Interest Crediting","2026/06/01 00:00:08","N/A","N/A","Luis Ramos","=""7710389798198652""","6.51","0.00","6.51","Success"
"txn_ede764c627b5478d97cbd90d1c57b2fd","Interest Crediting","2026/06/01 00:00:08","N/A","N/A","Apple Bananas","=""7710387162121550""","6.89","0.00","6.89","Success"
"txn_d1ff5e3702eb4b9ca5cf18c5565d7ec0","Interest Crediting","2026/06/01 00:00:07","N/A","N/A","Test User","=""7710308514018914""","0.61","0.00","0.61","Success"
"txn_01bc31e9f07f49babbfb4a82337ce803","Interest Crediting","2026/06/01 00:00:07","N/A","N/A","Jace Amban","=""7710373294475998""","452.84","0.00","452.84","Success"
"txn_95f6f8d58c23463d8ed5f33addb63575","Interest Crediting","2026/06/01 00:00:07","N/A","N/A","Jace Amban","=""7710374227778367""","8.36","0.00","8.36","Success"
"txn_503b8ba5f24d46df910788d4e7a91e57","Interest Crediting","2026/06/01 00:00:06","N/A","N/A","Michael Go","=""7710367664698191""","21,007.31","0.00","21,007.31","Success"
"txn_98da3d102f6e491ebe764d718011d527","Interest Crediting","2026/06/01 00:00:06","N/A","N/A","Michael Go","=""7710334205503943""","8.40","0.00","8.40","Success"
"txn_b6ff641d87a443afa33d809ddbe5e584","Interest Crediting","2026/06/01 00:00:05","N/A","N/A","Peach Villados","=""7710392835677385""","8.00","0.00","8.00","Success"
"txn_8fd0d954802f41c38d8b27a285805c11","Interest Crediting","2026/06/01 00:00:05","N/A","N/A","Jello Monthly","=""7710361652315404""","50.74","0.00","50.74","Success"
"txn_81de56e921c94d53bfea704c7f7b45d9","Interest Crediting","2026/06/01 00:00:04","N/A","N/A","Jello Quarterly","=""7710304397687331""","252.51","0.00","252.51","Success"
"txn_0c234c90273a4f5c903bd54aecd64e76","Interest Crediting","2026/06/01 00:00:03","N/A","N/A","Albert Camus","=""7710326295264547""","31.40","0.00","31.40","Success"
"txn_57f3f52999d740dfa876c4c80bbbd183","Interest Crediting","2026/06/01 00:00:02","N/A","N/A","Camille Mendoza","=""7710355978109178""","416,414.32","0.00","416,414.32","Success"